<beans xmlns="http://www.springframework.org/schema/beans"
	xmlns:xsi="http://www.w3.org/2001/XMLSchema-instance" xmlns:context="http://www.springframework.org/schema/context"
	xmlns:mvc="http://www.springframework.org/schema/mvc" xmlns:aop="http://www.springframework.org/schema/aop"
	xmlns:tx="http://www.springframework.org/schema/tx"
	xsi:schemaLocation="http://www.springframework.org/schema/beans
        http://www.springframework.org/schema/beans/spring-beans.xsd
        http://www.springframework.org/schema/context
        http://www.springframework.org/schema/context/spring-context.xsd
        http://www.springframework.org/schema/mvc
        http://www.springframework.org/schema/mvc/spring-mvc.xsd
        http://www.springframework.org/schema/aop	
        http://www.springframework.org/schema/aop/spring-aop.xsd
 		http://www.springframework.org/schema/tx	
 		http://www.springframework.org/schema/tx/spring-tx.xsd">


	<context:component-scan base-package="com.yash.shop" />
	<mvc:annotation-driven />

	<!-- Database Configurations -->
	<bean id="dataSource"
		class="org.apache.commons.dbcp.BasicDataSource">
		<property name="driverClassName" value="com.mysql.jdbc.Driver" />
		<property name="url" value="jdbc:mysql://localhost:3306/shopping_cart" />
		<property name="username" value="root" />
		<property name="password" value="root" />
	</bean>

	<!-- Hiberante Sesssion Factory Configurations -->
	<bean id="hibernate5AnnotatedSessionFactory"
		class="org.springframework.orm.hibernate5.LocalSessionFactoryBean">
		<property name="dataSource" ref="dataSource" />
		<property name="packagesToScan" value="com.yash.shop.model" />
<!-- 		<property name="annotatedClasses"> -->
<!-- 			<list> -->
<!-- 				<value>com.yash.shop.model.Cart</value> -->
<!-- 				<value>com.yash.shop.model.Item</value> -->
<!-- 			</list> -->
<!-- 		</property> -->
		<property name="hibernateProperties">
			<props>
				<prop key="hibernate.dialect">org.hibernate.dialect.MySQLDialect</prop>
				<prop key="hibernate.show_sql">true</prop>
				<prop key="hibernate.hbm2ddl.auto">update</prop>
			</props>
		</property>
	</bean>
	

	<bean id="cartDAO" class="com.yash.shop.dao.CartDAOImpl">
	</bean>
	
	<bean id="cartService" class="com.yash.shop.service.CartServiceImpl">
	</bean>
	
	<tx:annotation-driven transaction-manager="transactionManager"/>
	
	<bean id="transactionManager" class="org.springframework.orm.hibernate5.HibernateTransactionManager">
      <property name="sessionFactory" ref="hibernate5AnnotatedSessionFactory" />
   </bean>
	
</beans>